{
  "project": "Liver Disease Prediction ML Project",
  "dataset": {
    "samples": 583,
    "disease_rate": 0.7135506003430532,
    "features": [
      "Age",
      "Gender",
      "TB",
      "DB",
      "Alkphos",
      "Sgpt",
      "Sgot",
      "TP",
      "ALB",
      "A/G"
    ]
  },
  "best_model": {
    "name": "Logistic Regression",
    "accuracy": 0.7350427350427351,
    "precision": 0.7407407407407407,
    "recall": 0.963855421686747,
    "f1_score": 0.837696335078534,
    "roc_auc": 0.8306165839829908
  },
  "top_features": [
    {
      "Feature": "Sgpt",
      "Coefficient": 1.0767234555310077
    },
    {
      "Feature": "Sgot",
      "Coefficient": 0.7878290911862283
    },
    {
      "Feature": "DB",
      "Coefficient": 0.6366711985774931
    }
  ],
  "key_insights": [
    "Logistic Regression achieved 73.5% accuracy",
    "Top predictor: Sgpt (coefficient: 1.077)",
    "Model can identify 96.4% of actual liver disease cases"
  ]
}